Experiment,Trait name,P_f name,F_1 name,P_m name,P_f value,F_1 value,P_m value
EXP001,Rate of Seed Setting,PA64s,$F_1$,93-11,32.3159948781965,57.6650184342542,69.8790140723038
EXP001,Rate of Seed Setting,PA64s,$F_1$,93-11,23.5758332262941,51.8281968121538,70.1742940404079
EXP001,Rate of Seed Setting,PA64s,$F_1$,93-11,23.3306895219945,57.3527111597146,82.2453802782274
EXP001,Rate of Seed Setting,PA64s,$F_1$,93-11,27.0044312680478,45.8324068987786,66.8938608841789
